id,name,aliases,drug_class,dose_unit,dose_min,dose_max,max_daily,max_freq_per_day,route,usual_use,notes,high_alert
med001,paracetamol,acetaminophen|crocin|dolo|calpol|pacimol,analgesic/antipyretic,mg,250,1000,4000,4,oral,"fever, mild-moderate pain","Many guidelines use 3000 mg/day ceiling in liver disease, alcohol use, elderly",0
med002,ibuprofen,brufen|advil|motrin,NSAID,mg,200,800,3200,4,oral,"pain, fever, inflammation","Take with food; caution in renal impairment, peptic ulcer",0
med003,naproxen,naprosyn|aleve|naxdom,NSAID,mg,250,500,1250,2,oral,"pain, arthritis, dysmenorrhea",Take with food,0
med004,diclofenac,voveran|voltaren|dynapar,NSAID,mg,25,75,150,3,oral,"pain, inflammation",Oral form only; gel is a separate entry,0
med005,mefenamic acid,meftal|ponstan,NSAID,mg,250,500,1500,3,oral,"pain, dysmenorrhea",Short courses (up to 7 days),0
med006,ketorolac,ketorol|toradol,NSAID,mg,10,10,40,4,oral,short-term moderate-severe pain,Maximum 5 days total,0
med007,aspirin,ecosprin|disprin|loprin|acetylsalicylic acid,NSAID/antiplatelet,mg,75,1000,4000,4,oral,antiplatelet (75-325 mg) or analgesic (325-1000 mg),Indication determines dose; range here spans both uses,0
med008,tramadol,ultram|tramazac|contramal,opioid analgesic,mg,50,100,400,4,oral,moderate-severe pain,Controlled drug; seizure risk; serotonergic interactions,1
med009,gabapentin,neurontin|gabapin,anticonvulsant,mg,100,1200,3600,3,oral,"neuropathic pain, seizures",Adjust for renal function,0
med010,pregabalin,lyrica|pregabid,anticonvulsant,mg,25,300,600,3,oral,neuropathic pain,Adjust for renal function,0
med011,amoxicillin,mox|novamox|amoxil|amoxycillin,penicillin antibiotic,mg,250,1000,3000,3,oral,bacterial infections,Check penicillin allergy,0
med012,azithromycin,azithral|azee|zithromax,macrolide antibiotic,mg,250,500,500,1,oral,"respiratory, skin infections",Single 1-2 g regimens exist for some infections,0
med013,cefixime,taxim-o|zifi|suprax|cefix,cephalosporin antibiotic,mg,100,400,400,2,oral,"respiratory, urinary, enteric infections",,0
med014,cefuroxime,zinnat|ceftin|cefakind,cephalosporin antibiotic,mg,250,500,1000,2,oral,"respiratory, urinary, skin infections",Take with food,0
med015,ciprofloxacin,ciplox|cipro|ciprobay,fluoroquinolone antibiotic,mg,250,750,1500,2,oral,"urinary, GI, respiratory infections",Tendon rupture risk,0
med016,levofloxacin,levaquin|levoflox|tavanic,fluoroquinolone antibiotic,mg,250,750,750,1,oral,"respiratory, urinary infections",Tendon rupture risk,0
med017,doxycycline,doxy|vibramycin|doxt,tetracycline antibiotic,mg,50,200,200,2,oral,"respiratory, skin, tick-borne infections",Take upright with water,0
med018,metronidazole,flagyl|metrogyl,nitroimidazole antibiotic,mg,200,500,2000,3,oral,"anaerobic, protozoal infections",Avoid alcohol; some regimens exceed this daily max,0
med019,fluconazole,diflucan|forcan|zocon,antifungal,mg,50,400,400,1,oral,fungal infections,,0
med020,acyclovir,zovirax|acivir|aciclovir,antiviral,mg,200,800,4000,5,oral,"herpes simplex, zoster",Adjust for renal function,0
med021,albendazole,zentel|albenza|bandy,anthelmintic,mg,400,400,800,2,oral,worm infections,,0
med022,omeprazole,omez|prilosec|ocid,proton pump inhibitor,mg,10,40,80,2,oral,"acid reflux, gastritis, ulcer",Take before meals,0
med023,pantoprazole,pan|pantocid|protonix|pantop,proton pump inhibitor,mg,20,40,80,2,oral,"acid reflux, gastritis",Take before meals,0
med024,famotidine,pepcid|famocid|topcid,H2 blocker,mg,10,40,80,2,oral,"acid reflux, ulcer",Higher doses used for erosive disease,0
med025,domperidone,domstal|motilium|vomistop,prokinetic,mg,10,10,30,3,oral,"nausea, bloating",QT prolongation risk at higher doses,0
med026,ondansetron,zofran|emeset|ondem,antiemetic,mg,4,8,24,3,oral,"nausea, vomiting",,0
med027,cetirizine,cetzine|zyrtec|alerid|okacet,antihistamine,mg,5,10,10,1,oral,"allergic rhinitis, urticaria",Drowsiness,0
med028,levocetirizine,xyzal|levocet|vozet,antihistamine,mg,2.5,5,5,1,oral,"allergic rhinitis, urticaria",,0
med029,loratadine,claritin|lorfast|alaspan,antihistamine,mg,10,10,10,1,oral,allergic rhinitis,,0
med030,fexofenadine,allegra|fexova|telfast,antihistamine,mg,60,180,180,2,oral,"allergic rhinitis, urticaria",,0
med031,chlorpheniramine,piriton|cpm|chlorpheniramine maleate,antihistamine,mg,2,4,24,4,oral,"allergy, common cold",Drowsiness,0
med032,montelukast,montair|singulair|montek,leukotriene antagonist,mg,5,10,10,1,oral,"asthma, allergic rhinitis",Adult reference; paediatric doses differ,0
med033,prednisolone,wysolone|omnacortil|deltacortril,corticosteroid,mg,5,60,80,4,oral,"inflammatory, allergic conditions",Do not stop abruptly after long courses,0
med034,dextromethorphan,robitussin|dextromethorphan hbr,antitussive,mg,10,30,120,4,oral,dry cough,,0
med035,salbutamol,albuterol|asthalin|ventolin|proventil,bronchodilator,puffs,1,2,,6,inhaled,"asthma, wheezing",Rescue inhaler; usual 100 mcg per puff,0
med036,amlodipine,amlip|norvasc|amlokind|stamlo,calcium channel blocker,mg,2.5,10,10,1,oral,"hypertension, angina",Ankle swelling,0
med037,losartan,cozaar|losar|repace,ARB,mg,25,100,100,2,oral,hypertension,Avoid in pregnancy,0
med038,telmisartan,telma|micardis|telsartan,ARB,mg,20,80,80,1,oral,hypertension,Avoid in pregnancy,0
med039,lisinopril,zestril|listril|prinivil,ACE inhibitor,mg,2.5,80,80,1,oral,"hypertension, heart failure",Avoid in pregnancy; cough,0
med040,enalapril,envas|vasotec|enam,ACE inhibitor,mg,2.5,40,40,2,oral,"hypertension, heart failure",Avoid in pregnancy; cough,0
med041,ramipril,cardace|altace|ramistar,ACE inhibitor,mg,1.25,10,10,2,oral,"hypertension, heart failure",Avoid in pregnancy; cough,0
med042,metoprolol,metolar|lopressor|betaloc|toprol,beta blocker,mg,25,200,400,2,oral,"hypertension, angina, arrhythmia",,0
med043,atenolol,aten|tenormin|atecard,beta blocker,mg,25,100,200,2,oral,"hypertension, angina",,0
med044,hydrochlorothiazide,hctz|aquazide|microzide,thiazide diuretic,mg,12.5,50,50,2,oral,"hypertension, edema",Monitor electrolytes,0
med045,furosemide,lasix|frusemide,loop diuretic,mg,20,80,600,3,oral,"edema, heart failure",Monitor electrolytes,0
med046,isosorbide mononitrate,monotrate|imdur|ismn,nitrate,mg,10,60,120,2,oral,angina prophylaxis,,0
med047,atorvastatin,lipitor|atorva|storvas|tonact,statin,mg,10,80,80,1,oral,high cholesterol,,0
med048,rosuvastatin,crestor|rosuvas|rosulip,statin,mg,5,40,40,1,oral,high cholesterol,,0
med049,clopidogrel,plavix|clopitab|deplatt,antiplatelet,mg,75,600,600,1,oral,"stroke, MI prevention",Maintenance is 75 mg; 300-600 mg only as loading dose,0
med050,warfarin,coumadin|warf|jantoven,anticoagulant,mg,0.5,10,,1,oral,anticoagulation,Dose is INR-guided; no fixed daily maximum,1
med051,metformin,glycomet|glucophage|obimet,biguanide,mg,250,1000,2550,3,oral,type 2 diabetes,XR formulations max 2000 mg/day; take with meals,0
med052,glimepiride,amaryl|glimy|glimestar,sulfonylurea,mg,1,8,8,1,oral,type 2 diabetes,Hypoglycemia risk,0
med053,gliclazide,diamicron|glizid|reclide,sulfonylurea,mg,40,160,320,2,oral,type 2 diabetes,Immediate-release; hypoglycemia risk,0
med054,sitagliptin,januvia|zita|istavel,DPP-4 inhibitor,mg,25,100,100,1,oral,type 2 diabetes,Adjust for renal function,0
med055,levothyroxine,thyronorm|eltroxin|synthroid|thyrox,thyroid hormone,mcg,25,300,300,1,oral,hypothyroidism,Empty stomach; dose is weight/TSH-guided,0
med056,folic acid,folvite|folic,vitamin,mg,0.4,5,5,1,oral,"anemia, pregnancy supplementation",,0
med057,vitamin d3,cholecalciferol|calcirol|d-rise|uprise d3,vitamin,IU,,,,,oral,vitamin D deficiency,Regimens vary (daily vs weekly); dose check skipped,0
med058,iron supplements,iron|ferrous sulfate|ferrous sulphate|ferrous ascorbate|fefol,mineral supplement,mg,,,,,oral,iron deficiency anemia,Strength varies by salt; dose check skipped,0
med059,hydrocortisone cream,hydrocortisone|cortisone cream|hydrocortisone cream 1%,topical corticosteroid,,,,,,topical,"dermatitis, itching",Topical; dose check skipped,0
med060,diclofenac gel,volini gel|voveran gel|diclofenac topical,topical NSAID,,,,,,topical,localized joint/muscle pain,Topical; dose check skipped,0
